dataset,model_name,num_queries,num_skipped_queries,hit@1,hit@3,hit@5,hit@10,precision@1,precision@3,precision@5,precision@10,recall@1,recall@3,recall@5,recall@10,mrr@10,avg_latency_ms
apache,bm25,22,8,0.0,0.0,0.0,0.0,0.0,0.0,0.0,0.0,0.0,0.0,0.0,0.0,0.0,0.29595
apache,sentence-transformers/all-MiniLM-L6-v2,22,8,0.045454545454545456,0.45454545454545453,0.45454545454545453,0.5,0.045454545454545456,0.19696969696969696,0.23636363636363633,0.2227272727272727,0.002272727272727273,0.029545454545454552,0.05909090909090908,0.11136363636363635,0.22537878787878787,13.050190909090912
apache,intfloat/multilingual-e5-base,22,8,0.36363636363636365,0.5454545454545454,0.5454545454545454,0.5909090909090909,0.36363636363636365,0.3939393939393939,0.31818181818181823,0.30000000000000004,0.018181818181818184,0.05909090909090909,0.07954545454545456,0.15000000000000002,0.461038961038961,60.735427272727264
apache,BAAI/bge-base-en-v1.5,22,8,0.18181818181818182,0.3181818181818182,0.3181818181818182,0.3181818181818182,0.18181818181818182,0.2424242424242424,0.19999999999999998,0.19545454545454544,0.009090909090909092,0.03636363636363637,0.049999999999999996,0.09772727272727272,0.25,60.46101818181818
apache,intfloat/multilingual-e5-large,22,8,0.2727272727272727,0.36363636363636365,0.5,0.5454545454545454,0.2727272727272727,0.2121212121212121,0.24545454545454548,0.2727272727272727,0.013636363636363636,0.03181818181818182,0.06136363636363637,0.13636363636363635,0.3505050505050505,190.45628636363637
apache,BAAI/bge-m3,22,8,0.3181818181818182,0.4090909090909091,0.45454545454545453,0.45454545454545453,0.3181818181818182,0.2727272727272727,0.2909090909090909,0.2590909090909091,0.015909090909090907,0.040909090909090916,0.07272727272727272,0.12954545454545455,0.3674242424242424,155.10577727272727
apache,mixedbread-ai/mxbai-embed-large-v1,22,8,0.22727272727272727,0.4090909090909091,0.45454545454545453,0.45454545454545453,0.22727272727272727,0.303030303030303,0.2636363636363636,0.2545454545454545,0.011363636363636364,0.045454545454545456,0.0659090909090909,0.12727272727272726,0.32196969696969696,162.44463181818182
apache,nomic-ai/nomic-embed-text-v1.5,22,8,0.22727272727272727,0.36363636363636365,0.36363636363636365,0.45454545454545453,0.22727272727272727,0.2424242424242424,0.22727272727272727,0.21818181818181817,0.011363636363636364,0.03636363636363637,0.056818181818181816,0.10909090909090909,0.2924242424242424,58.37728636363636
