dataset,model_name,num_queries,num_skipped_queries,hit@1,hit@3,hit@5,hit@10,precision@1,precision@3,precision@5,precision@10,recall@1,recall@3,recall@5,recall@10,mrr@10,avg_latency_ms
openstack,bm25,17,13,0.11764705882352941,0.17647058823529413,0.17647058823529413,0.17647058823529413,0.11764705882352941,0.0784313725490196,0.07058823529411765,0.047058823529411764,0.11764705882352941,0.12352941176470589,0.12941176470588237,0.13529411764705881,0.14705882352941177,1.2145941176470587
openstack,sentence-transformers/all-MiniLM-L6-v2,17,13,0.0,0.0,0.0,0.058823529411764705,0.0,0.0,0.0,0.0058823529411764705,0.0,0.0,0.0,0.058823529411764705,0.007352941176470588,13.207217647058823
openstack,intfloat/multilingual-e5-base,17,13,0.23529411764705882,0.29411764705882354,0.29411764705882354,0.29411764705882354,0.23529411764705882,0.17647058823529416,0.1176470588235294,0.10588235294117648,0.12352941176470589,0.13823529411764707,0.14117647058823532,0.16470588235294117,0.25490196078431376,52.046564705882346
openstack,BAAI/bge-base-en-v1.5,17,13,0.0,0.0,0.0,0.11764705882352941,0.0,0.0,0.0,0.017647058823529415,0.0,0.0,0.0,0.008823529411764707,0.018207282913165267,53.00290588235294
openstack,intfloat/multilingual-e5-large,17,13,0.17647058823529413,0.23529411764705882,0.29411764705882354,0.29411764705882354,0.17647058823529413,0.1176470588235294,0.10588235294117647,0.1,0.12058823529411763,0.12941176470588237,0.13823529411764707,0.16176470588235295,0.21764705882352942,179.61409411764706
openstack,BAAI/bge-m3,17,13,0.23529411764705882,0.29411764705882354,0.35294117647058826,0.35294117647058826,0.23529411764705882,0.15686274509803924,0.1647058823529412,0.12941176470588237,0.12352941176470589,0.13529411764705881,0.15294117647058825,0.17647058823529413,0.27941176470588236,155.37138823529412
openstack,mixedbread-ai/mxbai-embed-large-v1,17,13,0.17647058823529413,0.17647058823529413,0.17647058823529413,0.17647058823529413,0.17647058823529413,0.0784313725490196,0.058823529411764705,0.03529411764705882,0.06470588235294118,0.06764705882352942,0.07058823529411765,0.07352941176470588,0.17647058823529413,139.17088823529414
openstack,nomic-ai/nomic-embed-text-v1.5,17,13,0.058823529411764705,0.11764705882352941,0.11764705882352941,0.17647058823529413,0.058823529411764705,0.058823529411764705,0.047058823529411764,0.03529411764705882,0.0029411764705882353,0.06470588235294118,0.06764705882352941,0.12941176470588237,0.08823529411764706,64.0070705882353
