dataset,model_name,num_queries,num_skipped_queries,hit@1,hit@3,hit@5,hit@10,precision@1,precision@3,precision@5,precision@10,recall@1,recall@3,recall@5,recall@10,mrr@10,avg_latency_ms
apache,Qwen/Qwen3-Embedding-0.6B,22,8,0.36363636363636365,0.5,0.5,0.5454545454545454,0.36363636363636365,0.22727272727272727,0.23636363636363633,0.24999999999999997,0.018181818181818184,0.0340909090909091,0.05909090909090908,0.12499999999999999,0.41666666666666663,254.0011590909091
apache,jinaai/jina-embeddings-v3,22,8,0.4090909090909091,0.45454545454545453,0.45454545454545453,0.5,0.4090909090909091,0.30303030303030304,0.2727272727272727,0.24090909090909093,0.020454545454545454,0.045454545454545456,0.06818181818181818,0.12045454545454547,0.43686868686868685,851.8791136363635
