dataset,model_name,num_queries,num_skipped_queries,hit@1,hit@3,hit@5,hit@10,precision@1,precision@3,precision@5,precision@10,recall@1,recall@3,recall@5,recall@10,mrr@10,avg_latency_ms
openstack,bm25,17,13,0.11764705882352941,0.17647058823529413,0.17647058823529413,0.17647058823529413,0.11764705882352941,0.0784313725490196,0.07058823529411765,0.047058823529411764,0.11764705882352941,0.12352941176470589,0.12941176470588237,0.13529411764705881,0.14705882352941177,1.5952470588235295
openstack,sentence-transformers/all-MiniLM-L6-v2,17,13,0.0,0.0,0.0,0.058823529411764705,0.0,0.0,0.0,0.0058823529411764705,0.0,0.0,0.0,0.058823529411764705,0.007352941176470588,17.42539411764706
openstack,intfloat/multilingual-e5-base,17,13,0.23529411764705882,0.29411764705882354,0.29411764705882354,0.29411764705882354,0.23529411764705882,0.17647058823529416,0.1176470588235294,0.10588235294117648,0.12352941176470589,0.13823529411764707,0.14117647058823532,0.16470588235294117,0.25490196078431376,63.59986470588235
openstack,BAAI/bge-base-en-v1.5,17,13,0.0,0.0,0.0,0.11764705882352941,0.0,0.0,0.0,0.017647058823529415,0.0,0.0,0.0,0.008823529411764707,0.018207282913165267,59.72294705882353
