dataset,model_name,num_queries,num_skipped_queries,hit@1,hit@3,hit@5,hit@10,precision@1,precision@3,precision@5,precision@10,recall@1,recall@3,recall@5,recall@10,mrr@10,avg_latency_ms
hdfs,bm25,22,8,0.13636363636363635,0.13636363636363635,0.18181818181818182,0.18181818181818182,0.13636363636363635,0.07575757575757575,0.0818181818181818,0.08636363636363636,0.05,0.05454545454545454,0.06363636363636364,0.08636363636363636,0.14772727272727273,2.8790363636363634
hdfs,sentence-transformers/all-MiniLM-L6-v2,22,8,0.045454545454545456,0.045454545454545456,0.045454545454545456,0.045454545454545456,0.045454545454545456,0.01515151515151515,0.009090909090909092,0.004545454545454546,0.002272727272727273,0.002272727272727273,0.002272727272727273,0.002272727272727273,0.045454545454545456,21.60362272727273
hdfs,intfloat/multilingual-e5-base,22,8,0.09090909090909091,0.09090909090909091,0.13636363636363635,0.22727272727272727,0.09090909090909091,0.0303030303030303,0.02727272727272728,0.022727272727272728,0.004545454545454546,0.004545454545454546,0.00681818181818182,0.011363636363636364,0.11525974025974026,63.19121818181818
hdfs,BAAI/bge-base-en-v1.5,22,8,0.13636363636363635,0.13636363636363635,0.13636363636363635,0.13636363636363635,0.13636363636363635,0.045454545454545456,0.02727272727272728,0.01363636363636364,0.00681818181818182,0.00681818181818182,0.00681818181818182,0.00681818181818182,0.13636363636363635,67.78053636363637
