dataset,model_name,num_queries,num_skipped_queries,hit@1,hit@3,hit@5,hit@10,precision@1,precision@3,precision@5,precision@10,recall@1,recall@3,recall@5,recall@10,mrr@10,avg_latency_ms
hdfs,Qwen/Qwen3-Embedding-0.6B,22,8,0.09090909090909091,0.13636363636363635,0.13636363636363635,0.18181818181818182,0.09090909090909091,0.045454545454545456,0.045454545454545456,0.031818181818181815,0.004545454545454546,0.00681818181818182,0.011363636363636364,0.015909090909090907,0.11818181818181818,249.60350000000005
hdfs,jinaai/jina-embeddings-v3,22,8,0.09090909090909091,0.09090909090909091,0.09090909090909091,0.09090909090909091,0.09090909090909091,0.0303030303030303,0.018181818181818184,0.009090909090909092,0.004545454545454546,0.004545454545454546,0.004545454545454546,0.004545454545454546,0.09090909090909091,1070.4246772727272
