dataset,model_name,num_queries,num_skipped_queries,hit@1,hit@3,hit@5,hit@10,precision@1,precision@3,precision@5,precision@10,recall@1,recall@3,recall@5,recall@10,mrr@10,avg_latency_ms
openstack,Qwen/Qwen3-Embedding-0.6B,17,13,0.11764705882352941,0.23529411764705882,0.23529411764705882,0.29411764705882354,0.11764705882352941,0.0980392156862745,0.07058823529411765,0.08823529411764706,0.11764705882352941,0.1264705882352941,0.12941176470588237,0.15588235294117647,0.18487394957983194,236.2383411764706
openstack,jinaai/jina-embeddings-v3,17,13,0.17647058823529413,0.35294117647058826,0.35294117647058826,0.35294117647058826,0.17647058823529413,0.1568627450980392,0.12941176470588237,0.10588235294117647,0.12058823529411763,0.13529411764705881,0.14411764705882354,0.16470588235294117,0.2549019607843137,715.3132941176472
